vaccine,country_code,country,year,start_m,age_first,age_last,age_range_verbatim,target,coverage,a0,a1,reached
SIA,AFG,Afghanistan,2002,7,0.5,14,6m-14y,10509482.5,0.836533292671642,27,168,8791532
SIA,AFG,Afghanistan,2003,7,0.75,4,9-59m,3899052.25,1,40,158,3899052.25
SIA,AFG,Afghanistan,2006,8,0.75,4,9-59m,4228438.5,0.251629531799978,40,158,1064000
SIA,AFG,Afghanistan,2006,11,0.75,4,9-59m,4228438.5,0.428012137341007,40,158,1809823
SIA,AFG,Afghanistan,2007,5,0.75,4,9-59m,4307459.25,0.484155247667172,40,158,2085479
SIA,AFG,Afghanistan,2009,4,0.75,2.999999,9-36m,2394477.451075,1,40,156,2394477.451075
SIA,AFG,Afghanistan,2011,11,0.75,4,9-59m,4538564.75,0.0441703514310334,40,158,200470
SIA,AFG,Afghanistan,2011,4,0.75,4,9-59m,4538564.75,0.0493711145136797,40,158,224074
SIA,AFG,Afghanistan,2011,11,0.75,10,9m-10y,10263309.75,0.0980157497438874,40,164,1005966
SIA,AFG,Afghanistan,2012,7,0.75,10,9m-10y,10444600,0.576872546579094,40,164,6025203.00000001
SIA,AFG,Afghanistan,2012,12,0.75,10,9m-10y,10444600,0.526151982842809,40,164,5495447
SIA,AFG,Afghanistan,2013,6,0.75,4,9-59m,4617811.5,0.189672965213067,40,158,875874.000000001
SIA,AFG,Afghanistan,2014,6,0.5,10,6m-10y,11048239.5,0.0291222868584628,27,164,321750
SIA,AFG,Afghanistan,2014,8,0.75,4,9-59m,4647465.25,0.111971574182292,40,158,520383.999999999
SIA,AFG,Afghanistan,2015,5,0.75,4,9-59m,4670738.25,1,40,158,4670738.25
SIA,AFG,Afghanistan,2016,9,0.75,10,9m-10y,11010636,0.222547816493071,40,164,2450393
SIA,AFG,Afghanistan,2017,4,0.75,4,9-59m,4714115.5,0.223467583685635,40,158,1053452
SIA,AFG,Afghanistan,2018,9,0.75,10,9m-10y,11177787.25,1,40,164,11177787.25
SIA,AGO,Angola,2003,4,0.75,14,9m-14y,7960410.5,0.907755322417104,40,168,7226105
SIA,AGO,Angola,2006,7,0.75,4,9-59m,3203490.5,1,40,158,3203490.5
SIA,AGO,Angola,2009,6,0.75,4,9-59m,3602858.75,0.963070228606659,40,158,3469806
SIA,AGO,Angola,2011,9,0.75,4,9-59m,3891099.25,1,40,158,3891099.25
SIA,AGO,Angola,2014,9,0.5,9,6m-9y,8752047.5,1,27,163,8752047.5
SIA,AGO,Angola,2018,4,0.5,14,6m-14y,13841770,0.867044893824995,27,168,12001436
SIA,AGO,Angola,2019,5,0.5,4,6m-4y,5078552,0.0323734009221526,27,158,164410
SIA,AGO,Angola,2019,5,0.5,4,6m-4y,5078552,0.0251528388406774,27,158,127740
SIA,AGO,Angola,2019,5,0.5,4,6m-4y,5078552,0.0217148510047746,27,158,110280
SIA,BEN,Benin,2001,12,0.75,14,9m-14y,2988158.75,0.318182559745194,40,168,950779.999999999
SIA,BEN,Benin,2003,1,0.75,14,9m-14y,3159084.5,0.727927030758437,40,168,2299583
SIA,BEN,Benin,2005,12,0.75,4,9-59m,1155227.5,0.984362820310285,40,158,1137163
SIA,BEN,Benin,2008,11,0.75,4,9-59m,1246707.25,1,40,158,1246707.25
SIA,BEN,Benin,2011,9,0.75,4,9-59m,1343681.25,1,40,158,1343681.25
SIA,BEN,Benin,2014,11,0.75,9,9m-9y,2904906.25,0.902484890863518,40,163,2621634
SIA,BEN,Benin,2015,1,0.75,9,9m-9y,2969954.75,0.137547886882788,40,163,408510.999999999
SIA,BEN,Benin,2019,3,0.75,14,9m-14y,4685591,1,40,168,4685591
SIA,CHN,China,2003,11,0.666666666666667,12,8m-12y,227616179.666667,0.00360137843100811,36,166,819732.000000001
SIA,CHN,China,2004,11,0.666666666666667,12,8m-12y,220650091.666667,0.0353129062451103,36,166,7791796.00000001
SIA,CHN,China,2005,1,0.666666666666667,14,8m-14y,260154390.333333,0.0154998076135997,36,168,4032342.99999998
SIA,CHN,China,2005,3,1,14,1-14y,254802136,0.0168775037270488,53,168,4300424
SIA,CHN,China,2005,5,0.666666666666667,25,8m-25y,512217937.333333,0.00446977708730664,36,179,2289500
SIA,CHN,China,2005,9,0.666666666666667,14,8m-14y,260154390.333333,0.0184505823401627,36,168,4799999.99999999
SIA,CHN,China,2006,3,0.666666666666667,14,8m-14y,253396160,0.0232836993267775,36,168,5900000
SIA,CHN,China,2007,9,0.666666666666667,14,8m-14y,249110226,0.0806871733960853,36,168,20100000
SIA,CHN,China,2008,3,0.666666666666667,14,8m-14y,246895107,0.141694075776074,36,168,34983573.9999999
SIA,CHN,China,2008,11,0.666666666666667,6,8m-6y,105044583,0.110150848997135,36,160,11570750
SIA,CHN,China,2009,3,0.666666666666667,14,8m-14y,245366217,0.383783130992316,36,168,94167415
SIA,CHN,China,2009,4,0.666666666666667,14,8m-14y,245366217,0.0204126104287617,36,168,5008565.00000001
SIA,CHN,China,2010,9,0.666666666666667,4,8m-4y,73008224,1,36,158,73008224
SIA,COD,Democratic Republic of the Congo,2000,9,0.75,4,9-59m,7236533.5,0.192834179514266,40,158,1395451
SIA,COD,Democratic Republic of the Congo,2002,12,0.5,15,6m-15y,22883033,0.242748590189072,27,169,5554824.00000001
SIA,COD,Democratic Republic of the Congo,2003,1,0.5,15,6m-15y,23613211,0.0045737108773559,27,169,108000
SIA,COD,Democratic Republic of the Congo,2004,10,0.5,15,6m-15y,24376259,0.352997315954019,27,169,8604754
SIA,COD,Democratic Republic of the Congo,2005,10,0.5,15,6m-15y,25167408,0.276454889593716,27,169,6957653
SIA,COD,Democratic Republic of the Congo,2006,11,0.5,15,6m-15y,26067107.5,0.267241004779683,27,169,6966200.00000001
SIA,COD,Democratic Republic of the Congo,2006,5,0.5,4,6-59m,9440634.5,0.228621180070047,27,158,2158329
SIA,COD,Democratic Republic of the Congo,2007,8,0.5,4,6-59m,9783335.5,0.385225877207216,27,158,3768794
SIA,COD,Democratic Republic of the Congo,2008,11,0.5,4,6-59m,10113937,0.277942407590635,27,158,2811092
SIA,COD,Democratic Republic of the Congo,2009,11,0.5,4,6-59m,10449059,0.23085026125319,27,158,2412168
SIA,COD,Democratic Republic of the Congo,2010,1,0.5,4,6-59m,10805285,0.116550650908329,27,158,1259363
SIA,COD,Democratic Republic of the Congo,2011,4,0.5,4,6-59m,11199646,0.0384450544240416,27,158,430571
SIA,COD,Democratic Republic of the Congo,2011,2,0.5,4,6-59m,11199646,0.15190792637553,27,158,1701315
SIA,COD,Democratic Republic of the Congo,2011,3,0.5,4,6-59m,11199646,0.236576584652765,27,158,2649574
SIA,COD,Democratic Republic of the Congo,2011,5,0.5,4,6-59m,11199646,0.434348907099385,27,158,4864554
SIA,COD,Democratic Republic of the Congo,2011,6,0.5,4,6-59m,11199646,0.023823163696424,27,158,266811
SIA,COD,Democratic Republic of the Congo,2012,1,0.5,4,6-59m,11564610.5,0.0819947200124034,27,158,948237.000000001
SIA,COD,Democratic Republic of the Congo,2012,1,0.5,4,6-59m,11564610.5,0.0262685889853359,27,158,303786
SIA,COD,Democratic Republic of the Congo,2012,1,0.5,14,6m-14y,30582139.5,0.0173352488958465,27,168,530148.999999999
SIA,COD,Democratic Republic of the Congo,2012,3,0.5,4,6-59m,11564610.5,0.0413838408133158,27,158,478588.000000001
SIA,COD,Democratic Republic of the Congo,2012,9,0.5,4,6-59m,11564610.5,0.0412522324033308,27,158,477066
SIA,COD,Democratic Republic of the Congo,2012,10,0.5,14,6m-14y,30582139.5,0.00270883598578837,27,168,82842
SIA,COD,Democratic Republic of the Congo,2012,11,0.5,4,6-59m,11564610.5,0.00580668064869111,27,158,67152
SIA,COD,Democratic Republic of the Congo,2012,1,0.5,4,6-59m,11564610.5,0.107206637006927,27,158,1239803
SIA,COD,Democratic Republic of the Congo,2012,8,0.5,4,6-59m,11564610.5,0.0151727548454831,27,158,175467
SIA,COD,Democratic Republic of the Congo,2012,1,0.5,14,6m-14y,30582139.5,0.00930582374722344,27,168,284592
SIA,COD,Democratic Republic of the Congo,2012,1,0.5,4,6-59m,11564610.5,0.0111547206886043,27,158,129000.000000001
SIA,COD,Democratic Republic of the Congo,2012,10,0.5,4,6-59m,11564610.5,0.0438435864312075,27,158,507034
SIA,COD,Democratic Republic of the Congo,2012,8,0.5,4,6-59m,11564610.5,0.0799421649349972,27,158,924500
SIA,COD,Democratic Republic of the Congo,2012,8,0.5,4,6-59m,11564610.5,0.0070254852076514,27,158,81247.0000000001
SIA,COD,Democratic Republic of the Congo,2012,8,0.5,4,6-59m,11564610.5,0.0301070234920579,27,158,348176
SIA,COD,Democratic Republic of the Congo,2013,9,0.5,9,6m-9y,22797090,0.298888279161946,27,163,6813783.00000001
SIA,COD,Democratic Republic of the Congo,2013,12,0.5,9,6m-9y,22797090,0.184817141135119,27,163,4213293.00000001
SIA,COD,Democratic Republic of the Congo,2013,1,0.5,14,6m-14y,31657926,0.0358078100252051,27,168,1133601
SIA,COD,Democratic Republic of the Congo,2014,3,0.5,9,6m-9y,23528909.5,0.233015984017449,27,163,5482612
SIA,COD,Democratic Republic of the Congo,2014,5,0.5,9,6m-9y,23528909.5,0.264002247957986,27,163,6211685.00000001
SIA,COD,Democratic Republic of the Congo,2014,6,0.5,9,6m-9y,23528909.5,0.119153418478659,27,163,2803550
SIA,COD,Democratic Republic of the Congo,2014,7,0.5,9,6m-9y,23528909.5,0.0494392228420106,27,163,1163251
SIA,COD,Democratic Republic of the Congo,2014,8,0.5,9,6m-9y,23528909.5,0.122350974234484,27,163,2878785.00000001
SIA,COD,Democratic Republic of the Congo,2015,3,0.5,4,6-59m,12590490.5,0.00794734724592342,27,158,100061
SIA,COD,Democratic Republic of the Congo,2015,7,0.5,4,6-59m,12590490.5,0.00341718219794535,27,158,43024.0000000001
SIA,COD,Democratic Republic of the Congo,2015,4,0.5,4,6-59m,12590490.5,0.00351964047786701,27,158,44314.0000000001
SIA,COD,Democratic Republic of the Congo,2015,9,0.5,14,6m-14y,33817633.5,0.00173693407612333,27,168,58738.9999999999
SIA,COD,Democratic Republic of the Congo,2015,7,0.5,15,6m-15y,35510855.5,0.00295402626951637,27,169,104900
SIA,COD,Democratic Republic of the Congo,2015,12,0.5,15,6m-15y,35510855.5,0.0199035475222499,27,169,706791.999999999
SIA,COD,Democratic Republic of the Congo,2015,12,0.5,15,6m-15y,35510855.5,0.0169300624142947,27,169,601201
SIA,COD,Democratic Republic of the Congo,2015,12,0.5,15,6m-15y,35510855.5,0.0279799792488807,27,169,993593.000000001
SIA,COD,Democratic Republic of the Congo,2015,3,0.5,4,6-59m,12590490.5,0.0148651873411921,27,158,187159.999999999
SIA,COD,Democratic Republic of the Congo,2015,3,0.5,4,6-59m,12590490.5,0.00650665675018777,27,158,81922
SIA,COD,Democratic Republic of the Congo,2015,5,0.5,4,6-59m,12590490.5,0.00661395995652433,27,158,83273
SIA,COD,Democratic Republic of the Congo,2015,5,0.5,4,6-59m,12590490.5,0.00561479316473016,27,158,70693
SIA,COD,Democratic Republic of the Congo,2015,5,0.5,10,6m-10y,26318753.5,0.00384436899718674,27,164,101179
SIA,COD,Democratic Republic of the Congo,2015,5,0.5,4,6-59m,12590490.5,0.00873508462597228,27,158,109979
SIA,COD,Democratic Republic of the Congo,2016,8,0.5,4,6-59m,12955671,0.556742834855871,27,158,7212977
SIA,COD,Democratic Republic of the Congo,2016,10,0.5,4,6-59m,12955671,0.286271780133966,27,158,3708843
SIA,COD,Democratic Republic of the Congo,2017,2,0.5,4,6-59m,13279620.5,0.411677652987147,27,158,5466923
SIA,COD,Democratic Republic of the Congo,2019,1,0.5,4,6-59m,13864575.5,0.032466843287052,27,158,450139.000000001
SIA,ETH,Ethiopia,2000,6,0.75,4,9-59m,10316249.25,0.349933383007395,40,158,3610000
SIA,ETH,Ethiopia,2000,12,0.75,4,9-59m,10316249.25,0.227453209314422,40,158,2346464
SIA,ETH,Ethiopia,2001,11,0.75,4,9-59m,10701993.25,0.153834520499254,40,158,1646336
SIA,ETH,Ethiopia,2002,11,0.75,14,9m-14y,30605469.5,0.0744307483993997,40,168,2277988
SIA,ETH,Ethiopia,2003,4,0.5,14,6m-14y,32232127,0.158258466777573,27,168,5101007.00000001
SIA,ETH,Ethiopia,2004,3,0.5,14,6m-14y,33174704,0.223726909515153,27,168,7422073.99999998
SIA,ETH,Ethiopia,2005,7,0.5,14,6m-14y,34105415,0.00401505156879047,27,168,136935
SIA,ETH,Ethiopia,2005,9,0.75,4,9-59m,11470316,0.0860674631806133,40,158,987221
SIA,ETH,Ethiopia,2006,3,0.75,4,9-59m,11565403.75,0.879276436847265,40,158,10169187
SIA,ETH,Ethiopia,2007,11,0.5,4,6-59m,12367151.5,0.086737920207414,27,158,1072701
SIA,ETH,Ethiopia,2008,10,0.5,4,6-59m,12483790.5,0.869004810678295,27,158,10848474
SIA,ETH,Ethiopia,2009,1,0.5,4,6-59m,12617431,0.052480413802144,27,158,662168
SIA,ETH,Ethiopia,2009,1,0.5,4,6-59m,12617431,0.020934055434898,27,158,264134.000000001
SIA,ETH,Ethiopia,2009,1,0.5,4,6-59m,12617431,0.00457795251664146,27,158,57762
SIA,ETH,Ethiopia,2009,6,0.5,4,6-59m,12617431,0.0211311637051948,27,158,266621
SIA,ETH,Ethiopia,2010,2,0.5,4,6-59m,12775650,0.0752836841961074,27,158,961798
SIA,ETH,Ethiopia,2010,10,0.75,3,9-47m,9276719,0.880864667777476,40,157,8171534
SIA,ETH,Ethiopia,2011,2,0.75,3,9-47m,9387507.25,0.0806839323612773,40,157,757421
SIA,ETH,Ethiopia,2011,10,0.5,14,6m-14y,38529028.5,0.182570500058157,27,168,7034263.99999998
SIA,ETH,Ethiopia,2013,5,0.75,4,9-59m,12571418.25,0.923482440018253,40,158,11609484
SIA,ETH,Ethiopia,2015,10,0.5,4,6-59m,13844586,0.371645927151596,27,158,5145284.00000001
SIA,ETH,Ethiopia,2016,4,0.5,13,6m-<15y,38984949,0.640929118568297,27,167,24986589
SIA,ETH,Ethiopia,2017,2,0.75,14,9m-14y,41362323.5,0.51315296637047,40,168,21225199
SIA,ETH,Ethiopia,2017,7,0.5,14,6-179m,42205155,0.0598230476822085,27,168,2524841
SIA,ETH,Ethiopia,2020,6,0.75,4,9-59m,14183689.75,0.984992075140391,40,158,13970822
SIA,IDN,Indonesia,2000,7,6,12,6-12y,30471504,0.20810941921344,160,166,6341407.00000001
SIA,IDN,Indonesia,2000,7,0.5,4,6-59m,19199721.5,0.0493763412141161,27,158,948012.000000001
SIA,IDN,Indonesia,2002,9,0.5,4,0-59m,19511525.5,0.0079491990516067,27,158,155101
SIA,IDN,Indonesia,2002,10,0.75,4,9-59m,18448667.25,0.110090825124509,40,158,2031029.00000001
SIA,IDN,Indonesia,2003,10,6,12,6-12y,31204074,0.0314303190025764,160,166,980754
SIA,IDN,Indonesia,2004,7,6,12,6-12y,31497133,0.0654839283308738,160,166,2062556
SIA,IDN,Indonesia,2005,7,0.5,15,6m-15y,69913004.5,0.00880489980944818,27,169,615577
SIA,IDN,Indonesia,2005,1,0.5,15,6m-15y,69913004.5,0.0664061004558887,27,169,4642650
SIA,IDN,Indonesia,2006,1,6,12,6-12y,31819791,0.0958473925865824,160,166,3049844
SIA,IDN,Indonesia,2006,4,0.5,5,6m-5y,24733354.5,0.0089262861614667,27,159,220777
SIA,IDN,Indonesia,2006,8,0.5,5,6m-5y,24733354.5,0.139111659924658,27,159,3440698.00000001
SIA,IDN,Indonesia,2007,2,0.5,4,6-59m,20326014.5,0.49687724073994,27,158,10099534
SIA,IDN,Indonesia,2007,2,0.5,12,6m-12y,56850654.5,0.0503612143990356,27,166,2863068
SIA,IDN,Indonesia,2007,8,6,12,6y-12y,31945953,0.0816786088679214,160,166,2609301
SIA,IDN,Indonesia,2007,8,0.5,4,6-59m,20326014.5,0.172155835075292,27,158,3499241.99999999
SIA,IDN,Indonesia,2008,10,1,3,1-3y,13662463,0.000638977027787742,53,157,8730
SIA,IDN,Indonesia,2009,10,0.75,4,9-59m,19560626.75,0.0869519173254507,40,158,1700834
SIA,IDN,Indonesia,2009,10,0.75,4,9-59m,19560626.75,0.00648240987472449,40,158,126800
SIA,IDN,Indonesia,2009,10,0.75,4,9-59m,19560626.75,0.00647724644099147,40,158,126699
SIA,IDN,Indonesia,2010,10,0.75,4,9-59m,19742714,0.16686231690334,40,158,3294315.00000001
SIA,IDN,Indonesia,2011,10,0.75,4,9-59m,19662597,0.578034783502912,40,158,11365665
SIA,IDN,Indonesia,2016,8,0.75,4,9-59m,20970282.75,0.173492319744711,40,158,3638183
SIA,IDN,Indonesia,2017,8,0.75,15,9m-15y,72216571.25,0.488906457186584,40,169,35307148
SIA,IDN,Indonesia,2018,8,0.75,15,9m-15y,72206182,0.324818199084394,40,169,23453882
SIA,IND,India,2000,7,0.75,4,9-59m,108122854.75,0.0068386744107864,40,158,739417
SIA,IND,India,2001,7,0.75,4,9-59m,109005962.75,0.0088295536842089,40,158,962474.000000001
SIA,IND,India,2010,11,0.75,10,9m-10y,261902375.5,0.0357683735480284,40,164,9367822
SIA,IND,India,2011,1,0.75,10,9m-10y,261573000.5,0.0103566270021053,40,164,2709014
SIA,IND,India,2011,9,0.75,10,9m-10y,261573000.5,0.1067367119184,40,164,27919442
SIA,IND,India,2012,1,0.75,9,9m-9y,235014572.25,0.0349562451440711,40,163,8215227.00000001
SIA,IND,India,2012,9,0.75,9,9m-9y,235014572.25,0.1573374222968,40,163,36976587.0000001
SIA,IND,India,2013,1,0.75,9,9m-9y,233138497,0.144290653121951,40,163,33639706
SIA,IND,India,2015,12,0.75,15,9m-15y,380706210,0.00233794452683081,40,169,890070.000000001
SIA,IND,India,2017,2,0.75,15,9m-15y,375821925,3.19300157913884e-05,40,169,12000
SIA,IND,India,2017,2,0.75,15,9m-15y,375821925,0.00070778201670911,40,169,266000
SIA,IND,India,2017,2,0.75,15,9m-15y,375821925,0.045109129809284,40,169,16953000
SIA,IND,India,2017,2,0.75,15,9m-15y,375821925,0.0421609250178791,40,169,15845000
SIA,IND,India,2017,2,0.75,15,9m-15y,375821925,0.000830180410576099,40,169,312000
SIA,IND,India,2017,8,0.75,15,9m-15y,375821925,0.0304878434114774,40,169,11458000
SIA,IND,India,2017,8,0.75,15,9m-15y,375821925,0.000305995984667473,40,169,115000
SIA,IND,India,2017,8,0.75,15,9m-15y,375821925,0.000164971748255507,40,169,62000
SIA,IND,India,2017,8,0.75,15,9m-15y,375821925,0.000800911229433993,40,169,301000
SIA,IND,India,2017,8,0.75,15,9m-15y,375821925,0.0243413153716351,40,169,9147999.99999999
SIA,IND,India,2017,8,0.75,15,9m-15y,375821925,0.00481078904590252,40,169,1808000
SIA,IND,India,2017,10,0.75,15,9m-15y,375821925,0.017263495204544,40,169,6487999.99999999
SIA,IND,India,2017,10,0.75,15,9m-15y,375821925,0.00765256045133609,40,169,2876000
SIA,IND,India,2018,1,0.75,15,9m-15y,373608697.75,0.0295416034649852,40,169,11037000
SIA,IND,India,2018,2,0.75,15,9m-15y,373608697.75,0.00118573256636662,40,169,442999.999999998
SIA,IND,India,2018,3,0.75,15,9m-15y,373608697.75,0.00212254159171272,40,169,793000.000000002
SIA,IND,India,2018,4,0.75,15,9m-15y,373608697.75,0.000208774582791415,40,169,78000.0000000001
SIA,IND,India,2018,4,0.75,15,9m-15y,373608697.75,0.000867217497748953,40,169,324000
SIA,IND,India,2018,4,0.75,15,9m-15y,373608697.75,0.0197104618932818,40,169,7364000.00000001
SIA,IND,India,2018,5,0.75,15,9m-15y,373608697.75,0.0178903757868951,40,169,6684000.00000001
SIA,IND,India,2018,7,0.75,15,9m-15y,373608697.75,0.0389712554543974,40,169,14560000
SIA,IND,India,2018,7,0.75,15,9m-15y,373608697.75,0.027453857637071,40,169,10257000
SIA,IND,India,2018,8,0.75,15,9m-15y,373608697.75,0.0241643196594986,40,169,9028000
SIA,IND,India,2018,9,0.75,15,9m-15y,373608697.75,0.00240090770210127,40,169,897000
SIA,IND,India,2018,9,0.75,15,9m-15y,373608697.75,0.0100559757377865,40,169,3757000.00000001
SIA,IND,India,2018,9,0.75,15,9m-15y,373608697.75,0.00296299311730892,40,169,1107000
SIA,IND,India,2018,10,0.75,15,9m-15y,373608697.75,0.00117502617750553,40,169,439000.000000001
SIA,IND,India,2018,10,0.75,15,9m-15y,373608697.75,0.0208560455014193,40,169,7792000.00000001
SIA,IND,India,2018,11,0.75,15,9m-15y,373608697.75,0.202671941140589,40,169,75720000.0000001
SIA,IND,India,2018,11,0.75,15,9m-15y,373608697.75,0.0692328635702914,40,169,25866000
SIA,IND,India,2019,1,0.75,15,9m-15y,371133623.25,0.103507194157192,40,169,38414999.9999999
SIA,IND,India,2019,1,0.75,15,9m-15y,371133623.25,0.0614926769505517,40,169,22822000
SIA,MDG,Madagascar,2004,9,0.75,14,9m-14y,7510782.5,1,40,168,7510782.5
SIA,MDG,Madagascar,2007,10,0.75,4,9-59m,2727598.25,1,40,158,2727598.25
SIA,MDG,Madagascar,2010,10,0.75,3,9-47m,2222442.5,1,40,157,2222442.5
SIA,MDG,Madagascar,2013,10,0.75,4,9-59m,3021413,1,40,158,3021413
SIA,MDG,Madagascar,2016,10,0.75,4,9-59m,3178290,1,40,158,3178290
SIA,MDG,Madagascar,2018,11,0.75,5,9m-5y,4046041.25,0.0790098222552724,40,159,319677
SIA,MDG,Madagascar,2019,1,0.75,9,9m-9y,6976252.25,0.302542099162197,40,163,2110610
SIA,MDG,Madagascar,2019,2,0.5,9,6m-9y,7188770.5,0.167314285523512,27,163,1202784
SIA,MDG,Madagascar,2019,3,0.5,9,6m-9y,7188770.5,0.548665728026789,27,163,3944232
SIA,MOZ,Mozambique,2003,7,0.5,14,0m-14y,8314859,0.00298670127779677,27,168,24834
SIA,MOZ,Mozambique,2003,7,0.5,14,0m-14y,8314859,0.00334281074399458,27,168,27795
SIA,MOZ,Mozambique,2005,8,0.75,15,9m-15y,9107047.25,0.899235259814865,40,169,8189378
SIA,MOZ,Mozambique,2008,10,0.75,4,9-59m,3383942.5,0.987259387533919,40,158,3340829
SIA,MOZ,Mozambique,2011,5,0.5,4,6-59m,3810938.5,1,27,158,3810938.5
SIA,MOZ,Mozambique,2013,12,0.5,4,6-59m,3969970,1,27,158,3969970
SIA,MOZ,Mozambique,2018,4,0.5,15,6m-15y,13367941.5,0.989248793466069,27,169,13224220
SIA,NER,Niger,2004,12,0.75,14,9m-14y,5978956.5,0.848166231013723,40,168,5071149
SIA,NER,Niger,2005,9,0.75,15,9m-15y,6518289.5,0.0509823934638067,40,169,332318
SIA,NER,Niger,2008,1,0.75,4,9-59m,2657095.5,1,40,158,2657095.5
SIA,NER,Niger,2010,11,0.75,3,9-47m,2238781.25,1,40,157,2238781.25
SIA,NER,Niger,2012,11,0.75,14,9m-14y,8336678.75,0.927955392307758,40,168,7736066
SIA,NER,Niger,2015,11,0.75,4,9-59m,3416027.25,0.966011907545527,40,158,3299923
SIA,NER,Niger,2019,9,0.75,4,9-59m,3892831.75,1,40,158,3892831.75
SIA,NGA,Nigeria,2005,12,0.75,15,9m-15y,59717107.25,0.47790282071977,40,169,28538974
SIA,NGA,Nigeria,2006,10,0.75,15,9m-15y,61467696.5,0.428742160526546,40,169,26353793
SIA,NGA,Nigeria,2007,1,0.75,4,9-59m,21581470.75,0.106968010973024,40,158,2308527
SIA,NGA,Nigeria,2007,3,6,17,6y-17y,43247173,0.0119640190122947,160,171,517409.999999998
SIA,NGA,Nigeria,2008,11,0.75,4,9-59m,22122375.5,1,40,158,22122375.5
SIA,NGA,Nigeria,2011,1,0.75,4,9-59m,23844468.25,1,40,158,23844468.25
SIA,NGA,Nigeria,2013,10,0.75,4,9-59m,25018009,0.679672710965929,40,158,17004058
SIA,NGA,Nigeria,2013,4,0.5,4,6-59m,26613121,0.0449930318206572,27,158,1197405
SIA,NGA,Nigeria,2013,11,0.75,4,9-59m,25018009,0.542633428583386,40,158,13575608
SIA,NGA,Nigeria,2015,11,0.5,10,6m-10y,59009783.5,0.407881923511887,27,164,24069024
SIA,NGA,Nigeria,2016,1,0.75,4,9-59m,26769877.5,0.712210468650819,40,158,19065787
SIA,NGA,Nigeria,2017,11,0.75,4,9-59m,27287426.75,1,40,158,27287426.75
SIA,NGA,Nigeria,2017,1,0.5,10,6m-10y,61916858.5,0.0755186247054185,27,164,4675876
SIA,NGA,Nigeria,2018,3,0.75,4,9-59m,27733584,0.611365411697241,40,158,16955354
SIA,NGA,Nigeria,2019,7,0.5,9,6m-9y,59193369.5,0.00803769077548458,27,163,475778
SIA,NGA,Nigeria,2019,10,0.75,4,9-59m,28162435.75,0.760514189544134,40,158,21417932
SIA,PAK,Pakistan,2005,12,1,4,12-59m,18070847,0.0681761070745605,53,158,1232000
SIA,PAK,Pakistan,2007,3,0.75,15,9m-15y,65890638.5,0.0381213030740323,40,169,2511837
SIA,PAK,Pakistan,2007,7,0.75,13,9m-13y,57998322.5,0.0221080876951226,40,167,1282232
SIA,PAK,Pakistan,2007,8,0.75,13,9m-13y,57998322.5,0.11907889232486,40,167,6906376.00000001
SIA,PAK,Pakistan,2007,11,0.75,13,9m-13y,57998322.5,0.354605031895535,40,167,20566497
SIA,PAK,Pakistan,2008,3,0.75,13,9m-13y,58587071.5,0.602784438542896,40,167,35315375
SIA,PAK,Pakistan,2010,9,0.5,4,6-59m,21517654,0.324899034067561,27,158,6991064.99999999
SIA,PAK,Pakistan,2010,2,0.75,11,9m-<13y,51233893,0.268199529557514,40,165,13740906
SIA,PAK,Pakistan,2010,10,0.5,4,6-59m,21517654,0.0468078443867533,27,158,1007195
SIA,PAK,Pakistan,2011,1,0.75,4,9-59m,20591285.5,0.0631149521966465,40,158,1299618
SIA,PAK,Pakistan,2011,1,0.75,4,9-59m,20591285.5,0.0380907253216415,40,158,784337
SIA,PAK,Pakistan,2011,1,0.75,4,9-59m,20591285.5,0.24758391116475,40,158,5098071
SIA,PAK,Pakistan,2011,2,0.75,4,9-59m,20591285.5,0.0847060277028358,40,158,1744206
SIA,PAK,Pakistan,2011,7,0.75,4,9-59m,20591285.5,0.00998242678923567,40,158,205551
SIA,PAK,Pakistan,2011,11,0.75,4,9-59m,20591285.5,0.0265994077931657,40,158,547716
SIA,PAK,Pakistan,2012,12,0.75,9,9m-9y,43678733.75,0.0447397356156187,40,163,1954175
SIA,PAK,Pakistan,2013,1,0.75,9,9m-9y,44233563.5,0.0904777658259435,40,163,4002154
SIA,PAK,Pakistan,2013,4,0.5,9,6m-9y,45545675,0.592504447458513,27,163,26986015
SIA,PAK,Pakistan,2014,5,0.5,9,6m-9y,46146437.5,0.303945737956478,27,163,14026013
SIA,PAK,Pakistan,2014,12,0.5,9,6m-9y,46146437.5,0.0312026686783785,27,163,1439892
SIA,PAK,Pakistan,2014,5,0.5,9,6m-9y,46146437.5,0.204403471015504,27,163,9432492.00000002
SIA,PAK,Pakistan,2015,1,0.5,10,6m-10y,51312485.5,0.596997118761671,27,164,30633406
SIA,PAK,Pakistan,2015,2,0.5,10,6m-10y,51312485.5,0.00443872476222186,27,164,227762
SIA,PAK,Pakistan,2015,4,0.5,10,6m-10y,51312485.5,0.0684584066776496,27,164,3512771
SIA,PAK,Pakistan,2015,2,0.5,10,6m-10y,51312485.5,0.00398164302526332,27,164,204308
SIA,PAK,Pakistan,2015,5,0.5,10,6m-10y,51312485.5,0.00806226780809517,27,164,413695
SIA,PAK,Pakistan,2015,8,0.5,10,6m-10y,51312485.5,0.029607647830663,27,164,1519242
SIA,PAK,Pakistan,2017,8,0.75,4,9-59m,22637807,0.0565345839373929,40,158,1279819
SIA,PAK,Pakistan,2018,10,0.75,4,9-59m,23010707.75,1,40,158,23010707.75
SIA,PAK,Pakistan,2018,5,0.75,9,9-119m,47714283.75,0.00190951205465806,40,163,91111.0000000002
SIA,PAK,Pakistan,2018,5,0.5,4,6-59m,24437450.5,0.0374039836929798,27,158,914058.000000001
SIA,PHL,Philippines,2002,6,0.75,4,9-59m,9369846.5,0.0534583997720774,40,158,500897
SIA,PHL,Philippines,2004,2,0.75,7,9m-7y,16017566.5,1,40,161,16017566.5
SIA,PHL,Philippines,2007,10,0.75,4,9-48m,9572278.75,0.856834847188294,40,158,8201862
SIA,PHL,Philippines,2009,8,1.25,1.91666666666667,15-23m,5925204,0.0775807887795931,66,100,459682
SIA,PHL,Philippines,2010,7,0.75,4,9-59m,9321103.25,0.0450728834057278,40,158,420129
SIA,PHL,Philippines,2011,4,0.75,7,9-95m,15835363.5,0.98828845956078,40,161,15649907
SIA,PHL,Philippines,2013,11,0.5,4,6-59m,10200564.5,0.189937625510823,27,158,1937471
SIA,PHL,Philippines,2013,11,0.5,4,6-59m,10200564.5,0.0106644097981048,27,158,108783
SIA,PHL,Philippines,2014,9,0.75,4,9-59m,9692987,1,40,158,9692987
SIA,PHL,Philippines,2014,1,0.5,2.999999,6-36m,5793904.712184,0.292709335801403,27,156,1695930
SIA,PHL,Philippines,2018,4,0.5,4,6-59m,9999926,0.289348741180685,27,158,2893466
SIA,PHL,Philippines,2018,9,0.5,4,6-59m,9999926,0.208944746191122,27,158,2089432
SIA,PHL,Philippines,2019,5,5,12,5-12y,17900870,0.137284612423865,159,166,2457513.99999999
SIA,PHL,Philippines,2019,2,0.5,4,6-59m,9781333,0.400773902698129,27,158,3920103
SIA,PHL,Philippines,2019,5,13,100,13y-100y,79440277,0.0119294271846509,167,254,947676.999999998
SIA,SOM,Somalia,2005,11,0.75,15,9m-15y,4911665.75,0.0650127708710634,40,169,319321
SIA,SOM,Somalia,2006,5,0.75,15,9m-15y,5081704.75,0.397448710494249,40,169,2019717
SIA,SOM,Somalia,2007,2,0.75,15,9m-15y,5249084,0.528507069042903,40,169,2774178
SIA,SOM,Somalia,2008,3,0.75,15,9m-15y,5412431.25,0.026356732013917,40,169,142654
SIA,SOM,Somalia,2008,12,0.75,15,9m-15y,5412431.25,0.0255347354296648,40,169,138205
SIA,SOM,Somalia,2009,1,0.75,4,9-59m,1855971.5,0.490140608301367,40,158,909687.000000001
SIA,SOM,Somalia,2009,1,0.75,4,9-59m,1855971.5,0.45039861872879,40,158,835927.000000001
SIA,SOM,Somalia,2009,8,0.75,4,9-59m,1855971.5,0.149244748639729,40,158,276994.000000001
SIA,SOM,Somalia,2010,1,0.75,4,9-59m,1896804.75,0.704285456897975,40,158,1335892
SIA,SOM,Somalia,2011,7,0.75,4,9-59m,1951540.75,0.0775177254177244,40,158,151279
SIA,SOM,Somalia,2011,7,0.75,4,9-59m,1951540.75,0.166015493143046,40,158,323986
SIA,SOM,Somalia,2011,4,0.75,4,9-59m,1951540.75,0.00149830332776807,40,158,2924
SIA,SOM,Somalia,2011,7,0.5,15,6m-15y,6004476.5,0.0119332634576886,27,169,71653
SIA,SOM,Somalia,2011,8,0.5,15,6m-15y,6004476.5,0.109289460954673,27,169,656226.000000002
SIA,SOM,Somalia,2011,9,0.5,15,6m-15y,6004476.5,0.0123741012226461,27,169,74299.9999999998
SIA,SOM,Somalia,2011,10,0.5,14,6m-14y,5707054.5,0.109798320657355,27,168,626625.000000001
SIA,SOM,Somalia,2011,8,0.5,14,6m-14y,5707054.5,0.185084442421217,27,168,1056287
SIA,SOM,Somalia,2012,2,0.5,4,6m-4y,2117574.5,0.418418808877799,27,158,886033.000000001
SIA,SOM,Somalia,2012,2,0.5,4,6-59m,2117574.5,0.240389181112636,27,158,509042
SIA,SOM,Somalia,2012,10,0.75,4,9-59m,1991422.75,0.437993389399614,40,158,872230
SIA,SOM,Somalia,2013,12,0.5,4,6m-4y,2149402,0.429691607247039,27,158,923580
SIA,SOM,Somalia,2014,10,0.75,4,9-59m,2053980.5,0.636045960514231,40,158,1306426
SIA,SOM,Somalia,2015,11,0.75,9,9m-9y,4255287.5,0.826820279475829,40,163,3518358
SIA,SOM,Somalia,2016,8,0.75,4,9-59m,2135140.25,0.282012387710831,40,158,602136.000000001
SIA,SOM,Somalia,2016,12,0.75,4,9-59m,2135140.25,0.0658190954903314,40,158,140533
SIA,SOM,Somalia,2017,1,0.5,4,6-59m,2323193,1,27,158,2323193
SIA,SOM,Somalia,2017,5,0.5,5,6m-5y,2799119,0.168636274484936,27,159,472033
SIA,SOM,Somalia,2018,1,0.5,10,6m-10y,5116735,0.864664869296534,27,164,4424261
SIA,SOM,Somalia,2019,11,0.5,4,6-59m,2451084.5,0.432895724321214,27,158,1061064
SIA,TCD,Chad,2005,3,0.75,14,9m-14y,4629516.75,0.0637958594706456,40,168,295344
SIA,TCD,Chad,2005,9,0.75,14,9m-14y,4629516.75,0.354658183275825,40,168,1641896
SIA,TCD,Chad,2006,1,0.75,15,9m-15y,5044264.75,0.542350597279812,40,169,2735760
SIA,TCD,Chad,2008,3,0.75,4,9-59m,1849954,0.963639636445014,40,158,1782689
SIA,TCD,Chad,2009,3,0.75,4,9-59m,1896906.5,0.690436771659542,40,158,1309694
SIA,TCD,Chad,2009,3,0.75,4,9-59m,1896906.5,0.192457561825003,40,158,365074
SIA,TCD,Chad,2009,1,0.75,4,9-59m,1896906.5,0.0397383845750964,40,158,75380.0000000001
SIA,TCD,Chad,2011,3,0.75,4,9-59m,2005275.25,0.304079452434273,40,158,609763
SIA,TCD,Chad,2012,1,0.5,4,6-59m,2190034,1,27,158,2190034
SIA,TCD,Chad,2014,10,0.5,9,6m-9y,4470847.5,0.525542416734187,27,163,2349620
SIA,TCD,Chad,2014,6,0.5,9,6m-9y,4470847.5,0.570180038572105,27,163,2549188
SIA,TCD,Chad,2016,11,0.75,4,9-59m,2265738.75,1,40,158,2265738.75
SIA,TCD,Chad,2016,5,0.75,4,9-59m,2265738.75,0.182894872588466,40,158,414392
SIA,TCD,Chad,2017,3,0.75,4,9-59m,2316641.25,0.305227665267551,40,158,707103.000000001
SIA,TCD,Chad,2018,11,0.5,9,6m-9y,4928480,0.491240098367042,27,163,2421067
SIA,TCD,Chad,2019,4,0.5,9,6m-9y,5035029.5,0.123207818345454,27,163,620355.000000002
SIA,TUR,Turkey,2003,12,6,14,6-14y,11450890,0.835735912230403,160,168,9569920
SIA,TUR,Turkey,2004,10,0.75,6,9m-6y,8271345.25,0.120409192204859,40,160,995945.999999998
SIA,TUR,Turkey,2005,4,0.75,6,9m-6y,8240966.75,1,40,160,8240966.75
SIA,TUR,Turkey,2017,2,0.5,100,6m-100y,80442287.5,0.00106498711887078,27,254,85670
SIA,TUR,Turkey,2017,5,0.5,100,6m-100y,80442287.5,0.000359363226710827,27,254,28908
SIA,TUR,Turkey,2017,11,0.5,100,6m-100y,80442287.5,0.000357175322743029,27,254,28732
SIA,TUR,Turkey,2019,7,0.75,0.916666666666667,9-11m,213965.166666667,0.571527608465864,40,48,122287
SIA,TUR,Turkey,2019,7,29,40,29y-40y,15246828,0.0109765126228223,183,194,167357.000000001
SIA,TUR,Turkey,2019,7,29,40,29y-40y,15246828,0.00139674954029782,183,194,21295.9999999999
SIA,TUR,Turkey,2019,7,15,65,15y-65y,56471170,0.000121956035265428,169,219,6886.99999999998
SIA,TUR,Turkey,2019,7,15,65,15y-65y,56471170,0.00013977043507333,169,219,7892.99999999998
SIA,TZA,United Republic of Tanzania,2000,9,0.75,4,9-59m,4838359.5,0.487346175909417,40,158,2357956
SIA,TZA,United Republic of Tanzania,2001,9,0.75,14,9m-14y,14427464.25,0.255581295236964,40,168,3687389.99999999
SIA,TZA,United Republic of Tanzania,2002,10,7,14,7-14y,7541769,0.893583057237632,161,168,6739197
SIA,TZA,United Republic of Tanzania,2005,7,0.75,4,9-59m,5679403.25,1,40,158,5679403.25
SIA,TZA,United Republic of Tanzania,2006,7,0.5,15,6m-15y,17869434,0.0494021802817034,27,169,882789
SIA,TZA,United Republic of Tanzania,2008,8,0.5,10,6m-10y,13900639,0.778850454284871,27,164,10826519
SIA,TZA,United Republic of Tanzania,2011,11,0.75,4,9-59m,6813875.5,0.981330375056016,40,158,6686663
SIA,TZA,United Republic of Tanzania,2014,10,0.75,14,9m-14y,21037385,0.975864110487116,40,168,20529629
SIA,TZA,United Republic of Tanzania,2019,9,0.75,5,9m-5y,9789705.5,0.908029153685982,40,159,8889338
SIA,UGA,Uganda,2000,3,0.75,4,9-59m,3965344.5,0.307347066566348,40,158,1218737
SIA,UGA,Uganda,2000,10,0.75,4,9-59m,3965344.5,0.241561861775188,40,158,957876.000000002
SIA,UGA,Uganda,2001,9,0.75,14,9m-14y,11337108,0.0541721927673266,40,168,614156.000000001
SIA,UGA,Uganda,2003,10,0.5,14,6m-14y,12370341.5,1,27,168,12370341.5
SIA,UGA,Uganda,2005,2,0.75,1.91666666666667,9-23m,1343365.25,0.415277230075737,40,100,557869
SIA,UGA,Uganda,2006,7,0.5,4,6-59m,5044304.5,1,27,158,5044304.5
SIA,UGA,Uganda,2009,6,0.75,3,9-47m,3988358.5,1,40,157,3988358.5
SIA,UGA,Uganda,2012,5,0.5,4,6-59m,5874039.5,1,27,158,5874039.5
SIA,UGA,Uganda,2015,10,0.5,4,6-59m,6288611.5,1,27,158,6288611.5
SIA,UGA,Uganda,2019,10,0.75,13,9m-<15y,18264830.25,1,40,167,18264830.25
SIA,ZAF,South Africa,2000,5,0.75,4,9-59m,4121850.5,0.729118875126597,40,158,3005319
SIA,ZAF,South Africa,2004,7,0.75,4,9-59m,4124345.75,0.848970288196619,40,158,3501447
SIA,ZAF,South Africa,2005,4,0.75,4,9-59m,4163154.5,0.546125299937824,40,158,2273604
SIA,ZAF,South Africa,2007,5,0.75,4,9-59m,4322165.25,0.897833556919185,40,158,3880585
SIA,ZAF,South Africa,2009,9,5,19,5y-19y,14795166,0.0206135571577906,159,173,304981
SIA,ZAF,South Africa,2009,10,0.75,19,9m-19y,19323667.25,0.116505059359268,40,173,2251304.99999999
SIA,ZAF,South Africa,2009,5,0.75,4,9-59m,4528501.25,0.00187501328392037,40,158,8491
SIA,ZAF,South Africa,2010,5,0.5,15,6m-15y,15589857.5,0.93603940895547,27,169,14592721
SIA,ZAF,South Africa,2013,4,0.5,4,6-59m,5205951,0.804116673399346,27,158,4186192
SIA,ZAF,South Africa,2017,6,0.5,4,6-59m,5235690.5,0.812803583405092,27,158,4255588
SIA,ZAF,South Africa,2017,6,5,14,5-14y,10814737,0.0782859536944819,159,168,846642
